filename,participant_id,label,timestamp,nose_score,left_shoulder_score,right_shoulder_score,left_hip_score,right_hip_score,head_depth_m,chest_depth_m,hip_depth_m,neck_forward_offset_m,torso_recline_offset_m
p01_normal_022.jpg,p01,normal,1790787643.391,0.4998,0.5695,0.5695,0.4302,0.5695,0.5480,0.6590,0.6130,0.1110,-0.0460
p01_normal_023.jpg,p01,normal,1790787644.425,0.7006,0.5695,0.5695,0.4998,0.4998,0.5420,0.6650,0.6160,0.1230,-0.0490
p01_normal_024.jpg,p01,normal,1790787647.916,0.4302,0.7538,0.8440,0.5695,0.4998,0.5930,0.7050,0.6280,0.1120,-0.0770
p01_normal_025.jpg,p01,normal,1790787649.014,0.2991,0.5695,0.6350,0.5695,0.5695,,0.6190,0.6040,,-0.0150
p01_normal_026.jpg,p01,normal,1790787650.870,0.4302,0.4998,0.7538,0.6350,0.4998,0.4390,0.5870,0.6040,0.1480,0.0170
p01_slouch_forward_019.jpg,p01,slouch_forward,1790787659.977,0.2991,0.6350,0.4998,0.2458,0.2458,,0.4470,,,
p01_slouch_forward_020.jpg,p01,slouch_forward,1790787660.814,0.6350,0.5695,0.5695,0.4302,0.4302,0.3910,0.4480,0.6220,0.0570,0.1740
p01_slouch_forward_021.jpg,p01,slouch_forward,1790787663.517,0.4998,0.6350,0.8030,0.3646,0.4302,0.3630,0.5420,0.5710,0.1790,0.0290
p01_slouch_forward_022.jpg,p01,slouch_forward,1790787669.287,0.3646,0.5695,0.7006,0.3646,0.3646,0.3440,0.3730,0.5790,0.0290,0.2060
p01_slouch_forward_023.jpg,p01,slouch_forward,1790787670.792,0.1229,0.1966,0.6350,0.0737,0.0942,,,,,
p01_slouch_forward_024.jpg,p01,slouch_forward,1790787671.694,0.6350,0.4998,0.1966,0.0737,0.0737,4.6860,,,,
p01_slouch_back_014.jpg,p01,slouch_back,1790787675.898,0.6350,0.5695,0.5695,0.4302,0.4998,0.7540,0.8210,0.6620,0.0670,-0.1590
p01_slouch_back_015.jpg,p01,slouch_back,1790787677.472,0.6350,0.6350,0.4998,0.4302,0.2991,0.7930,0.8070,,0.0140,
p01_slouch_back_016.jpg,p01,slouch_back,1790787679.446,0.4302,0.6350,0.5695,0.3646,0.4998,0.6870,0.8120,0.6650,0.1250,-0.1470
p01_slouch_back_017.jpg,p01,slouch_back,1790787682.070,0.6350,0.6350,0.6350,0.1557,0.5695,0.7910,0.8390,,0.0480,
p01_slouch_back_018.jpg,p01,slouch_back,1790787683.339,0.7006,0.5695,0.4998,0.4998,0.4998,0.7920,0.8390,0.6600,0.0470,-0.1790
p01_slouch_back_019.jpg,p01,slouch_back,1790787684.142,0.7538,0.5695,0.2991,0.2991,0.6350,0.7920,,,,
p01_tilt_left_016.jpg,p01,tilt_left,1790787688.143,0.2991,0.4998,0.6350,0.1966,0.2458,,0.3820,,,
p01_tilt_left_017.jpg,p01,tilt_left,1790787689.912,0.4998,0.8030,0.2991,0.1557,0.0410,0.4380,,,,
p01_tilt_left_018.jpg,p01,tilt_left,1790787693.417,0.4998,0.2458,0.5695,0.2991,0.0942,0.4770,,,,
p01_tilt_left_019.jpg,p01,tilt_left,1790787694.722,0.2458,0.2991,0.7006,0.0737,0.2458,,,,,
p01_tilt_left_020.jpg,p01,tilt_left,1790787698.590,0.3646,0.1966,0.4302,0.1557,0.0574,0.4770,,,,
p01_tilt_left_021.jpg,p01,tilt_left,1790787699.400,0.3646,0.1966,0.1229,0.1966,0.1229,0.4760,,,,
p01_tilt_left_022.jpg,p01,tilt_left,1790787702.174,0.3646,0.1966,0.4302,0.0942,0.0737,0.3920,,,,
p01_tilt_right_010.jpg,p01,tilt_right,1790787706.832,0.5695,0.4302,0.4998,0.0737,0.2991,0.4520,0.5110,,0.0590,
p01_tilt_right_011.jpg,p01,tilt_right,1790787707.515,0.1557,0.5695,0.4998,0.1229,0.1557,,4.6790,,,
p01_tilt_right_012.jpg,p01,tilt_right,1790787708.374,0.2991,0.7538,0.5695,0.2458,0.1966,,0.6500,,,
p01_tilt_right_013.jpg,p01,tilt_right,1790787709.369,0.4302,0.4998,0.1966,0.1557,0.0737,0.4750,,,,
p01_tilt_right_014.jpg,p01,tilt_right,1790787710.203,0.5695,0.4998,0.3646,0.2458,0.2991,0.4550,0.6350,,0.1800,
p01_tilt_right_015.jpg,p01,tilt_right,1790787711.219,0.7006,0.6350,0.2991,0.4998,0.4302,0.4410,,0.6100,,
p01_tilt_right_016.jpg,p01,tilt_right,1790787712.707,0.4302,0.7006,0.4998,0.4302,0.1229,0.4330,0.5670,,0.1340,
p01_tilt_right_017.jpg,p01,tilt_right,1790787715.011,0.3646,0.6350,0.3646,0.3646,0.2991,0.5070,0.6490,,0.1420,
p01_tilt_right_018.jpg,p01,tilt_right,1790787716.579,0.7538,0.6350,0.2991,0.1966,0.2458,0.4870,,,,
