timestamp,preset,note,frames,fps,patch_valid_pct,frame_valid_pct,median_depth_m,temporal_std_mm,spatial_std_mm,spike_pct
1791293901.9599411,필터없음,60cm 정면,300,29.98,94.01,73.26,0.4810,2.014,7.936,0.00
1791293901.959951,SDK기본,60cm 정면,300,29.97,100.00,96.70,0.5670,80.241,577.962,0.67
1791293901.9599557,구멍메우기없음,60cm 정면,300,29.93,99.70,74.72,0.6070,19.867,6.874,0.00
1791293901.959959,공간강,60cm 정면,300,29.96,100.00,97.61,0.6000,0.390,8.339,0.00
1791293901.9599628,시간강,60cm 정면,300,29.94,100.00,97.61,0.6020,0.911,7.762,0.00
1791293901.959966,시간약,60cm 정면,300,29.93,100.00,97.60,0.6040,0.502,7.790,0.00
1791293901.959969,강+구멍없음,60cm 정면,300,29.95,99.03,75.81,0.5990,0.433,8.112,0.00
1791294018.3751051,시간약,60cm 정면 재측정,300,29.99,100.00,97.57,0.6440,3.920,6.760,0.00
1791294018.375118,SDK기본,60cm 정면 재측정,300,30.00,100.00,97.63,0.6490,1.392,7.018,0.00
1791294018.3751228,구멍메우기없음,60cm 정면 재측정,300,29.94,98.53,78.11,0.6410,1.696,6.888,0.00
1791294018.3751261,SDK기본,60cm 정면 재측정,300,29.98,100.00,97.64,0.6400,0.514,7.111,0.00
1791294360.5464833,필터없음,45cm 정면,300,29.98,97.78,71.22,0.4590,0.466,10.577,0.00
1791294360.5464942,SDK기본,45cm 정면,300,29.95,100.00,97.52,0.4630,0.000,9.285,0.00
1791294360.5464988,구멍메우기없음,45cm 정면,300,29.95,98.38,73.73,0.4630,0.433,9.589,0.00
1791294445.9667141,필터없음,80cm 정면,300,29.98,99.94,72.74,0.7910,0.603,4.348,0.00
1791294445.9667246,SDK기본,80cm 정면,300,29.98,100.00,97.68,0.7930,0.572,3.740,0.00
1791294445.9667294,구멍메우기없음,80cm 정면,300,29.98,99.99,74.90,0.7930,0.549,3.730,0.00
