timestamp,sdk_distance_m,actual_distance_cm,actual_distance_m,error_m,error_pct,note
1790782256.1766026,0.3700,37.0,0.3700,0.0000,0.00,
1790782304.3961554,0.5650,56.0,0.5600,0.0050,0.89,
1790782336.4222279,0.4040,40.0,0.4000,0.0040,1.00,
1790782377.2703116,0.5530,55.3,0.5530,0.0000,0.00,
1790782415.1023068,0.9270,92.0,0.9200,0.0070,0.76,
1790782476.1401374,0.3700,36.8,0.3680,0.0020,0.54,
1790782511.0255742,0.5550,55.3,0.5530,0.0020,0.36,
1790782555.4086144,0.7430,73.7,0.7370,0.0060,0.81,
1790782573.612929,0.9310,92.0,0.9200,0.0110,1.20,
1790783228.0019844,0.3710,36.8,0.3680,0.0030,0.82,
1790783337.5899785,0.3700,37.0,0.3700,0.0000,0.00,
1790783373.8796186,0.5570,55.4,0.5540,0.0030,0.54,
1790783414.0253718,0.7490,73.8,0.7380,0.0110,1.49,
1790783435.2900915,0.9380,92.3,0.9230,0.0150,1.63,
1790783476.9758964,0.3730,37.0,0.3700,0.0030,0.81,
1790783497.9955578,0.5600,55.7,0.5570,0.0030,0.54,
1790783513.7612987,0.7460,73.8,0.7380,0.0080,1.08,
1790783532.8711126,0.9340,92.3,0.9230,0.0110,1.19,
