filename,label,participant_id,collector,date,lighting,note
p01_normal_001.jpg,normal,p01,기안,2026-09-30,,
p01_normal_002.jpg,normal,p01,기안,2026-09-30,,
p01_normal_003.jpg,normal,p01,기안,2026-09-30,,
p01_normal_004.jpg,normal,p01,기안,2026-09-30,,
p01_normal_005.jpg,normal,p01,기안,2026-09-30,,
p01_normal_006.jpg,normal,p01,기안,2026-09-30,,
p01_normal_007.jpg,normal,p01,기안,2026-09-30,,
p01_normal_008.jpg,normal,p01,기안,2026-09-30,,
p01_normal_009.jpg,normal,p01,기안,2026-09-30,,
p01_normal_010.jpg,normal,p01,기안,2026-09-30,,
p01_normal_011.jpg,normal,p01,기안,2026-09-30,,
p01_normal_012.jpg,normal,p01,기안,2026-09-30,,
p01_normal_013.jpg,normal,p01,기안,2026-09-30,,
p01_normal_014.jpg,normal,p01,기안,2026-09-30,,
p01_normal_015.jpg,normal,p01,기안,2026-09-30,,
p01_normal_016.jpg,normal,p01,기안,2026-09-30,,
p01_normal_017.jpg,normal,p01,기안,2026-09-30,,
p01_normal_018.jpg,normal,p01,기안,2026-09-30,,
p01_normal_019.jpg,normal,p01,기안,2026-09-30,,
p01_normal_020.jpg,normal,p01,기안,2026-09-30,,
p01_normal_021.jpg,normal,p01,기안,2026-09-30,,
p01_slouch_back_001.jpg,slouch_back,p01,기안,2026-09-30,,
p01_slouch_back_002.jpg,slouch_back,p01,기안,2026-09-30,,
p01_slouch_back_003.jpg,slouch_back,p01,기안,2026-09-30,,
p01_slouch_back_004.jpg,slouch_back,p01,기안,2026-09-30,,
p01_slouch_back_005.jpg,slouch_back,p01,기안,2026-09-30,,
p01_slouch_back_006.jpg,slouch_back,p01,기안,2026-09-30,,
p01_slouch_back_007.jpg,slouch_back,p01,기안,2026-09-30,,
p01_slouch_back_008.jpg,slouch_back,p01,기안,2026-09-30,,
p01_slouch_back_009.jpg,slouch_back,p01,기안,2026-09-30,,
p01_slouch_back_010.jpg,slouch_back,p01,기안,2026-09-30,,
p01_slouch_back_011.jpg,slouch_back,p01,기안,2026-09-30,,
p01_slouch_back_012.jpg,slouch_back,p01,기안,2026-09-30,,
p01_slouch_back_013.jpg,slouch_back,p01,기안,2026-09-30,,
p01_slouch_forward_001.jpg,slouch_forward,p01,기안,2026-09-30,,
p01_slouch_forward_002.jpg,slouch_forward,p01,기안,2026-09-30,,
p01_slouch_forward_003.jpg,slouch_forward,p01,기안,2026-09-30,,
p01_slouch_forward_004.jpg,slouch_forward,p01,기안,2026-09-30,,
p01_slouch_forward_005.jpg,slouch_forward,p01,기안,2026-09-30,,
p01_slouch_forward_006.jpg,slouch_forward,p01,기안,2026-09-30,,
p01_slouch_forward_007.jpg,slouch_forward,p01,기안,2026-09-30,,
p01_slouch_forward_008.jpg,slouch_forward,p01,기안,2026-09-30,,
p01_slouch_forward_009.jpg,slouch_forward,p01,기안,2026-09-30,,
p01_slouch_forward_011.jpg,slouch_forward,p01,기안,2026-09-30,,
p01_slouch_forward_012.jpg,slouch_forward,p01,기안,2026-09-30,,
p01_slouch_forward_013.jpg,slouch_forward,p01,기안,2026-09-30,,
p01_slouch_forward_014.jpg,slouch_forward,p01,기안,2026-09-30,,
p01_slouch_forward_015.jpg,slouch_forward,p01,기안,2026-09-30,,
p01_slouch_forward_017.jpg,slouch_forward,p01,기안,2026-09-30,,
p01_slouch_forward_018.jpg,slouch_forward,p01,기안,2026-09-30,,
p01_tilt_left_001.jpg,tilt_left,p01,기안,2026-09-30,,
p01_tilt_left_002.jpg,tilt_left,p01,기안,2026-09-30,,
p01_tilt_left_003.jpg,tilt_left,p01,기안,2026-09-30,,
p01_tilt_left_004.jpg,tilt_left,p01,기안,2026-09-30,,
p01_tilt_left_005.jpg,tilt_left,p01,기안,2026-09-30,,
p01_tilt_left_006.jpg,tilt_left,p01,기안,2026-09-30,,
p01_tilt_left_007.jpg,tilt_left,p01,기안,2026-09-30,,
p01_tilt_left_008.jpg,tilt_left,p01,기안,2026-09-30,,
p01_tilt_left_009.jpg,tilt_left,p01,기안,2026-09-30,,
p01_tilt_left_010.jpg,tilt_left,p01,기안,2026-09-30,,
p01_tilt_left_011.jpg,tilt_left,p01,기안,2026-09-30,,
p01_tilt_left_012.jpg,tilt_left,p01,기안,2026-09-30,,
p01_tilt_left_013.jpg,tilt_left,p01,기안,2026-09-30,,
p01_tilt_left_014.jpg,tilt_left,p01,기안,2026-09-30,,
p01_tilt_left_015.jpg,tilt_left,p01,기안,2026-09-30,,
p01_tilt_right_001.jpg,tilt_right,p01,기안,2026-09-30,,
p01_tilt_right_002.jpg,tilt_right,p01,기안,2026-09-30,,
p01_tilt_right_003.jpg,tilt_right,p01,기안,2026-09-30,,
p01_tilt_right_004.jpg,tilt_right,p01,기안,2026-09-30,,
p01_tilt_right_005.jpg,tilt_right,p01,기안,2026-09-30,,
p01_tilt_right_006.jpg,tilt_right,p01,기안,2026-09-30,,
p01_tilt_right_007.jpg,tilt_right,p01,기안,2026-09-30,,
p01_tilt_right_008.jpg,tilt_right,p01,기안,2026-09-30,,
p01_tilt_right_009.jpg,tilt_right,p01,기안,2026-09-30,,
p01_normal_022.jpg,normal,p01,기안,2026-09-30,,
p01_normal_023.jpg,normal,p01,기안,2026-09-30,,
p01_normal_024.jpg,normal,p01,기안,2026-09-30,,
p01_normal_025.jpg,normal,p01,기안,2026-09-30,,
p01_normal_026.jpg,normal,p01,기안,2026-09-30,,
p01_slouch_back_014.jpg,slouch_back,p01,기안,2026-09-30,,
p01_slouch_back_015.jpg,slouch_back,p01,기안,2026-09-30,,
p01_slouch_back_016.jpg,slouch_back,p01,기안,2026-09-30,,
p01_slouch_back_017.jpg,slouch_back,p01,기안,2026-09-30,,
p01_slouch_back_018.jpg,slouch_back,p01,기안,2026-09-30,,
p01_slouch_back_019.jpg,slouch_back,p01,기안,2026-09-30,,
p01_slouch_forward_019.jpg,slouch_forward,p01,기안,2026-09-30,,
p01_slouch_forward_020.jpg,slouch_forward,p01,기안,2026-09-30,,
p01_slouch_forward_021.jpg,slouch_forward,p01,기안,2026-09-30,,
p01_slouch_forward_022.jpg,slouch_forward,p01,기안,2026-09-30,,
p01_slouch_forward_023.jpg,slouch_forward,p01,기안,2026-09-30,,
p01_slouch_forward_024.jpg,slouch_forward,p01,기안,2026-09-30,,
p01_tilt_left_016.jpg,tilt_left,p01,기안,2026-09-30,,
p01_tilt_left_017.jpg,tilt_left,p01,기안,2026-09-30,,
p01_tilt_left_018.jpg,tilt_left,p01,기안,2026-09-30,,
p01_tilt_left_019.jpg,tilt_left,p01,기안,2026-09-30,,
p01_tilt_left_020.jpg,tilt_left,p01,기안,2026-09-30,,
p01_tilt_left_021.jpg,tilt_left,p01,기안,2026-09-30,,
p01_tilt_left_022.jpg,tilt_left,p01,기안,2026-09-30,,
p01_tilt_right_010.jpg,tilt_right,p01,기안,2026-09-30,,
p01_tilt_right_011.jpg,tilt_right,p01,기안,2026-09-30,,
p01_tilt_right_012.jpg,tilt_right,p01,기안,2026-09-30,,
p01_tilt_right_013.jpg,tilt_right,p01,기안,2026-09-30,,
p01_tilt_right_014.jpg,tilt_right,p01,기안,2026-09-30,,
p01_tilt_right_015.jpg,tilt_right,p01,기안,2026-09-30,,
p01_tilt_right_016.jpg,tilt_right,p01,기안,2026-09-30,,
p01_tilt_right_017.jpg,tilt_right,p01,기안,2026-09-30,,
p01_tilt_right_018.jpg,tilt_right,p01,기안,2026-09-30,,
p01_normal_027.jpg,normal,p01,기안,2026-10-01,,
p01_normal_028.jpg,normal,p01,기안,2026-10-01,,
p01_normal_029.jpg,normal,p01,기안,2026-10-01,,
p01_normal_030.jpg,normal,p01,기안,2026-10-01,,
p01_normal_031.jpg,normal,p01,기안,2026-10-01,,
p01_normal_032.jpg,normal,p01,기안,2026-10-01,,
p01_normal_033.jpg,normal,p01,기안,2026-10-01,,
p01_normal_034.jpg,normal,p01,기안,2026-10-01,,
p01_normal_035.jpg,normal,p01,기안,2026-10-01,,
p01_normal_036.jpg,normal,p01,기안,2026-10-01,,
p01_normal_037.jpg,normal,p01,기안,2026-10-01,,
p01_normal_038.jpg,normal,p01,기안,2026-10-01,,
p01_slouch_back_020.jpg,slouch_back,p01,기안,2026-10-01,,
p01_slouch_back_021.jpg,slouch_back,p01,기안,2026-10-01,,
p01_slouch_back_022.jpg,slouch_back,p01,기안,2026-10-01,,
p01_slouch_back_023.jpg,slouch_back,p01,기안,2026-10-01,,
p01_slouch_back_024.jpg,slouch_back,p01,기안,2026-10-01,,
p01_slouch_back_025.jpg,slouch_back,p01,기안,2026-10-01,,
p01_slouch_back_026.jpg,slouch_back,p01,기안,2026-10-01,,
p01_slouch_back_027.jpg,slouch_back,p01,기안,2026-10-01,,
p01_slouch_back_028.jpg,slouch_back,p01,기안,2026-10-01,,
p01_slouch_back_029.jpg,slouch_back,p01,기안,2026-10-01,,
p01_slouch_back_030.jpg,slouch_back,p01,기안,2026-10-01,,
p01_slouch_back_031.jpg,slouch_back,p01,기안,2026-10-01,,
p01_slouch_back_032.jpg,slouch_back,p01,기안,2026-10-01,,
p01_slouch_back_033.jpg,slouch_back,p01,기안,2026-10-01,,
p01_slouch_back_034.jpg,slouch_back,p01,기안,2026-10-01,,
p01_slouch_back_035.jpg,slouch_back,p01,기안,2026-10-01,,
p01_slouch_back_036.jpg,slouch_back,p01,기안,2026-10-01,,
p01_slouch_back_037.jpg,slouch_back,p01,기안,2026-10-01,,
p01_slouch_forward_025.jpg,slouch_forward,p01,기안,2026-10-01,,
p01_slouch_forward_026.jpg,slouch_forward,p01,기안,2026-10-01,,
p01_slouch_forward_027.jpg,slouch_forward,p01,기안,2026-10-01,,
p01_slouch_forward_028.jpg,slouch_forward,p01,기안,2026-10-01,,
p01_slouch_forward_029.jpg,slouch_forward,p01,기안,2026-10-01,,
p01_slouch_forward_030.jpg,slouch_forward,p01,기안,2026-10-01,,
p01_slouch_forward_031.jpg,slouch_forward,p01,기안,2026-10-01,,
p01_slouch_forward_032.jpg,slouch_forward,p01,기안,2026-10-01,,
p01_slouch_forward_033.jpg,slouch_forward,p01,기안,2026-10-01,,
p01_slouch_forward_034.jpg,slouch_forward,p01,기안,2026-10-01,,
p01_slouch_forward_035.jpg,slouch_forward,p01,기안,2026-10-01,,
p01_slouch_forward_036.jpg,slouch_forward,p01,기안,2026-10-01,,
p01_slouch_forward_037.jpg,slouch_forward,p01,기안,2026-10-01,,
p01_tilt_left_023.jpg,tilt_left,p01,기안,2026-10-01,,
p01_tilt_left_024.jpg,tilt_left,p01,기안,2026-10-01,,
p01_tilt_left_025.jpg,tilt_left,p01,기안,2026-10-01,,
p01_tilt_left_026.jpg,tilt_left,p01,기안,2026-10-01,,
p01_tilt_left_027.jpg,tilt_left,p01,기안,2026-10-01,,
p01_tilt_left_028.jpg,tilt_left,p01,기안,2026-10-01,,
p01_tilt_left_029.jpg,tilt_left,p01,기안,2026-10-01,,
p01_tilt_left_030.jpg,tilt_left,p01,기안,2026-10-01,,
p01_tilt_left_031.jpg,tilt_left,p01,기안,2026-10-01,,
p01_tilt_right_019.jpg,tilt_right,p01,기안,2026-10-01,,
p01_tilt_right_020.jpg,tilt_right,p01,기안,2026-10-01,,
p01_tilt_right_021.jpg,tilt_right,p01,기안,2026-10-01,,
p01_tilt_right_022.jpg,tilt_right,p01,기안,2026-10-01,,
p01_tilt_right_023.jpg,tilt_right,p01,기안,2026-10-01,,
p01_tilt_right_024.jpg,tilt_right,p01,기안,2026-10-01,,
p01_tilt_right_025.jpg,tilt_right,p01,기안,2026-10-01,,
p02_normal_001.jpg,normal,p02,기안,2026-10-01,,
p02_normal_002.jpg,normal,p02,기안,2026-10-01,,
p02_normal_003.jpg,normal,p02,기안,2026-10-01,,
p02_normal_004.jpg,normal,p02,기안,2026-10-01,,
p02_normal_005.jpg,normal,p02,기안,2026-10-01,,
p02_normal_006.jpg,normal,p02,기안,2026-10-01,,
p02_normal_007.jpg,normal,p02,기안,2026-10-01,,
p02_normal_008.jpg,normal,p02,기안,2026-10-01,,
p02_normal_009.jpg,normal,p02,기안,2026-10-01,,
p02_normal_010.jpg,normal,p02,기안,2026-10-01,,
p02_normal_011.jpg,normal,p02,기안,2026-10-01,,
p02_normal_012.jpg,normal,p02,기안,2026-10-01,,
p02_normal_013.jpg,normal,p02,기안,2026-10-01,,
p02_normal_014.jpg,normal,p02,기안,2026-10-01,,
p02_normal_015.jpg,normal,p02,기안,2026-10-01,,
p02_slouch_back_001.jpg,slouch_back,p02,기안,2026-10-01,,
p02_slouch_back_002.jpg,slouch_back,p02,기안,2026-10-01,,
p02_slouch_back_003.jpg,slouch_back,p02,기안,2026-10-01,,
p02_slouch_back_004.jpg,slouch_back,p02,기안,2026-10-01,,
p02_slouch_back_005.jpg,slouch_back,p02,기안,2026-10-01,,
p02_slouch_back_006.jpg,slouch_back,p02,기안,2026-10-01,,
p02_slouch_back_007.jpg,slouch_back,p02,기안,2026-10-01,,
p02_slouch_back_008.jpg,slouch_back,p02,기안,2026-10-01,,
p02_slouch_back_009.jpg,slouch_back,p02,기안,2026-10-01,,
p02_slouch_back_010.jpg,slouch_back,p02,기안,2026-10-01,,
p02_slouch_back_011.jpg,slouch_back,p02,기안,2026-10-01,,
p02_slouch_back_012.jpg,slouch_back,p02,기안,2026-10-01,,
p02_slouch_back_013.jpg,slouch_back,p02,기안,2026-10-01,,
p02_slouch_back_014.jpg,slouch_back,p02,기안,2026-10-01,,
p02_slouch_back_015.jpg,slouch_back,p02,기안,2026-10-01,,
p02_slouch_forward_001.jpg,slouch_forward,p02,기안,2026-10-01,,
p02_slouch_forward_002.jpg,slouch_forward,p02,기안,2026-10-01,,
p02_slouch_forward_003.jpg,slouch_forward,p02,기안,2026-10-01,,
p02_slouch_forward_004.jpg,slouch_forward,p02,기안,2026-10-01,,
p02_slouch_forward_005.jpg,slouch_forward,p02,기안,2026-10-01,,
p02_slouch_forward_006.jpg,slouch_forward,p02,기안,2026-10-01,,
p02_slouch_forward_007.jpg,slouch_forward,p02,기안,2026-10-01,,
p02_slouch_forward_008.jpg,slouch_forward,p02,기안,2026-10-01,,
p02_slouch_forward_009.jpg,slouch_forward,p02,기안,2026-10-01,,
p02_slouch_forward_010.jpg,slouch_forward,p02,기안,2026-10-01,,
p02_slouch_forward_011.jpg,slouch_forward,p02,기안,2026-10-01,,
p02_slouch_forward_012.jpg,slouch_forward,p02,기안,2026-10-01,,
p02_slouch_forward_013.jpg,slouch_forward,p02,기안,2026-10-01,,
p02_slouch_forward_014.jpg,slouch_forward,p02,기안,2026-10-01,,
p02_slouch_forward_015.jpg,slouch_forward,p02,기안,2026-10-01,,
p02_tilt_left_001.jpg,tilt_left,p02,기안,2026-10-01,,
p02_tilt_left_002.jpg,tilt_left,p02,기안,2026-10-01,,
p02_tilt_left_003.jpg,tilt_left,p02,기안,2026-10-01,,
p02_tilt_left_004.jpg,tilt_left,p02,기안,2026-10-01,,
p02_tilt_left_005.jpg,tilt_left,p02,기안,2026-10-01,,
p02_tilt_left_006.jpg,tilt_left,p02,기안,2026-10-01,,
p02_tilt_left_007.jpg,tilt_left,p02,기안,2026-10-01,,
p02_tilt_left_008.jpg,tilt_left,p02,기안,2026-10-01,,
p02_tilt_left_009.jpg,tilt_left,p02,기안,2026-10-01,,
p02_tilt_left_010.jpg,tilt_left,p02,기안,2026-10-01,,
p02_tilt_right_001.jpg,tilt_right,p02,기안,2026-10-01,,
p02_tilt_right_002.jpg,tilt_right,p02,기안,2026-10-01,,
p02_tilt_right_003.jpg,tilt_right,p02,기안,2026-10-01,,
p02_tilt_right_004.jpg,tilt_right,p02,기안,2026-10-01,,
p02_tilt_right_005.jpg,tilt_right,p02,기안,2026-10-01,,
p02_tilt_right_007.jpg,tilt_right,p02,기안,2026-10-01,,
p02_tilt_right_008.jpg,tilt_right,p02,기안,2026-10-01,,
p02_tilt_right_009.jpg,tilt_right,p02,기안,2026-10-01,,
p02_tilt_right_010.jpg,tilt_right,p02,기안,2026-10-01,,
p02_tilt_right_011.jpg,tilt_right,p02,기안,2026-10-01,,
p02_tilt_right_012.jpg,tilt_right,p02,기안,2026-10-01,,
p02_tilt_right_013.jpg,tilt_right,p02,기안,2026-10-01,,
p02_tilt_right_014.jpg,tilt_right,p02,기안,2026-10-01,,
p02_tilt_right_015.jpg,tilt_right,p02,기안,2026-10-01,,
