random_filename,original_filename,label_1st,label_2nd,agree,note
rl_001.jpg,p02_tilt_left_005.jpg,tilt_left,tilt_left,True,
rl_002.jpg,p01_slouch_forward_006.jpg,slouch_forward,slouch_forward,True,
rl_003.jpg,p01_normal_016.jpg,normal,normal,True,
rl_004.jpg,p02_slouch_forward_004.jpg,slouch_forward,slouch_forward,True,
rl_005.jpg,p02_slouch_back_007.jpg,slouch_back,slouch_back,True,
rl_006.jpg,p01_normal_009.jpg,normal,normal,True,
rl_007.jpg,p01_tilt_right_018.jpg,tilt_right,tilt_right,True,
rl_008.jpg,p01_tilt_left_013.jpg,tilt_left,tilt_left,True,
rl_009.jpg,p01_normal_018.jpg,normal,normal,True,uncertain
rl_010.jpg,p01_tilt_right_011.jpg,tilt_right,tilt_right,True,
rl_011.jpg,p02_normal_003.jpg,normal,normal,True,
rl_012.jpg,p02_slouch_forward_014.jpg,slouch_forward,slouch_forward,True,
rl_013.jpg,p01_slouch_back_028.jpg,slouch_back,slouch_back,True,
rl_014.jpg,p01_slouch_forward_017.jpg,slouch_forward,slouch_forward,True,uncertain
rl_015.jpg,p01_slouch_forward_003.jpg,slouch_forward,slouch_forward,True,
rl_016.jpg,p02_tilt_left_004.jpg,tilt_left,tilt_left,True,
rl_017.jpg,p02_tilt_right_003.jpg,tilt_right,tilt_right,True,
rl_018.jpg,p01_tilt_right_001.jpg,tilt_right,tilt_right,True,
rl_019.jpg,p02_tilt_right_014.jpg,tilt_right,tilt_right,True,
rl_020.jpg,p01_tilt_left_029.jpg,tilt_left,tilt_left,True,
rl_021.jpg,p01_tilt_left_015.jpg,tilt_left,tilt_left,True,
rl_022.jpg,p01_tilt_right_022.jpg,tilt_right,tilt_right,True,
rl_023.jpg,p02_slouch_back_001.jpg,slouch_back,slouch_back,True,
rl_024.jpg,p01_normal_008.jpg,normal,normal,True,
rl_025.jpg,p02_slouch_back_011.jpg,slouch_back,slouch_back,True,
rl_026.jpg,p01_slouch_forward_015.jpg,slouch_forward,slouch_forward,True,
rl_027.jpg,p01_tilt_left_027.jpg,tilt_left,tilt_left,True,
rl_028.jpg,p02_slouch_back_015.jpg,slouch_back,slouch_back,True,
rl_029.jpg,p02_normal_010.jpg,normal,normal,True,
rl_030.jpg,p01_slouch_back_035.jpg,slouch_back,slouch_back,True,
rl_031.jpg,p01_normal_002.jpg,normal,normal,True,
rl_032.jpg,p01_normal_015.jpg,normal,normal,True,
rl_033.jpg,p01_slouch_forward_035.jpg,slouch_forward,slouch_forward,True,
rl_034.jpg,p01_slouch_back_006.jpg,slouch_back,tilt_left,False,
rl_035.jpg,p01_slouch_back_007.jpg,slouch_back,tilt_left,False,
rl_036.jpg,p01_slouch_forward_002.jpg,slouch_forward,slouch_forward,True,
